,created_at,user_name,user_screen_name,user_followers_count,user_friends_count,user_location,tweet,tweet_likes,retweet_count
7,2021-12-05 00:15:22,Shlaps ğŸ‘‘,ShlapsFr,845,91,"Paris, France","80â‚¬ au lieu de 120â‚¬ #Nike Tuned 1 [-34%]

â–¶ï¸ https://t.co/IO45xn58y1 â—€ï¸ https://t.co/UVkeQRd55R",0,0
8,2021-12-05 00:15:19,Jeruscha Toussaint,Juu_Couture,20,224,"Florida, USA",@Nike Nike I do not want to die like the countless number of black people before I get some help. The police and Walmart are very corrupt and because of  this I have been left disabled and unemployed. I was a 3.0 college graduate before thisâ€¦I seriously need awareness ğŸ’”,0,0
9,2021-12-05 00:15:19,NavyCane,jakebebber,1324,3063,"Pensacola, FL","RT @TheDragonFeeder: â€œParties r accused of: 

â€œaiding &amp; abetting participation in subordination of exploitationâ€, 

â€œslavery, as a crime agâ€¦",0,13
12,2021-12-05 00:15:13,Chinoz,ghoshinoo,537,439,"013, SP - Brasil  ","@gabrielmrcondes qual????? mandoulhe, eh cara mas eh qualidade o material 
tenho umas da Nike q uso desde o ensino mÃ©dio e segue intacta, sem desbotar etc",0,0
19,2021-12-05 00:14:46,Momo,Metzinho97,1366,1315,"Ile-de-France, France",RT @tonton_picollo: Adidas&gt;&gt;&gt;Nike ğŸ¼ https://t.co/bJZPV19KV2,0,20
20,2021-12-05 00:14:45,(mamÃ£e do Lorenzo) ğŸ’™ğŸ‘©â€ğŸ‘¦,ShaayLopes12,746,1533,"Rio de Janeiro, Brasil",RT @bestoffnike: Nike Air Max 90 x Pirate Radio https://t.co/jHlMK48C5o,0,234
26,2021-12-05 00:14:25,J-LOCO,LIQRstoreJUNKIE,1448,872,"Moreno Valley, CA","I got a fresh fade &amp; got my feet right just to throw on a Nike sweatsuit ğŸ˜­ I swear I want to put some real clothes on and go out tonight, cop a bottle and just vibe out to the music at my own table",0,0
32,2021-12-05 00:14:11,erick,ErickMsso,663,267,"SÃ£o Paulo, Brasil","Eu ia comprar uma berma da Nike quando vi 140 eu pensei, por isso eu uso falso",0,0
33,2021-12-05 00:14:10,"Maxine Shaw, Attorney at Law",shelowkeyhappy,148,141,"Texas, USA",Im buying my guy nike jogger suits off the strenfff of Hersch in #TrueStoryNetflix ğŸ˜®â€ğŸ’¨,0,0
38,2021-12-05 00:14:00,ParisApeWife,ParisApeWife,1337,2613,"New York, USA",@BitcoinSwisher @DApeWives @Nike to the ğŸŒ™,0,0
45,2021-12-05 00:13:41,ğŸ¥ƒ,cleanwaterj,822,605,"District of Columbia, USA",RT @JetLifeBrandon: Crunchy up there in a ski mask &amp; Nike Boots like he in the gogo,0,188
58,2021-12-05 00:12:59,Big Waine âœŒğŸ¼,turner_waine,779,748,"Orland Park, IL",@artbysheriff @Nike @RickandMorty How much do these cost,0,0
63,2021-12-05 00:12:48,Love LA,La3Life,18821,434,"New York, NY",RT @Undrleakovr: Louis Vuitton x Nike Air Force 1 (2022) https://t.co/YlTDRezcFb,0,22
66,2021-12-05 00:12:29,nokxy â€,nokxyzz,89,88,"Belo Horizonte, Brasil",@caueftn @Nike god work bro,0,0
69,2021-12-05 00:12:16,House of Khath,IG_Jay_Khath,17057,2262,"Kroonstad, South Africa",RT @Chef_Yangchaza: That awkward moment when you're wearing Nike's and you can't do it. ğŸ¤¦ğŸ¾ https://t.co/rk8qghG8Gt,0,8
72,2021-12-05 00:11:56,Math,MisterBanshee,262,232,"Santos, Brasil",Eu odeio vocÃªs @Nike,0,0
78,2021-12-05 00:11:37,Ä° L A Y D A,ilydrlmz,742,497,"Ä°zmit, Kocaeli",nike pro tayt giyiyoruz diye Ã¼zÃ¼lmÃ¼yoruz sanÄ±yolar,0,0
80,2021-12-05 00:11:35,Cestbienbo ğŸ“¸,Lotfidl,1123,211,"Paris, France",RT @StreetFashion01: Louis Vuitton x Nike SS22 Briefcase!ğŸ–¤ https://t.co/iCVZhoUbBz,0,78
82,2021-12-05 00:11:33,todd a. griner,supertodd1,379,574,"Cincinnati,Ohio ","RT @TheDragonFeeder: â€œParties r accused of: 

â€œaiding &amp; abetting participation in subordination of exploitationâ€, 

â€œslavery, as a crime agâ€¦",0,13
85,2021-12-05 00:11:29,JUSTin ğŸ¥±,Sir_Nike,2291,3596,"Dallas, TX",Still won $400 of this game ğŸ¤£ s/o to my boys @DrewButler &amp; @aaronmurray11 ğŸ¤ go listen to my boys podcast @PuntandPass,0,0
87,2021-12-05 00:11:24,KÃ¥re SÃ¸yland,karesoyland,42,600,"Oslo, Norway","RT @TheDragonFeeder: â€œParties r accused of: 

â€œaiding &amp; abetting participation in subordination of exploitationâ€, 

â€œslavery, as a crime agâ€¦",0,13
93,2021-12-05 00:11:10,ceolin,matheusceolin7,197,104,"HumaitÃ¡, Brasil","Era 2010, sem Nike nos pÃ©s",0,0
101,2021-12-05 00:10:35,DaraMichele,DaraMichele_,860,779,"Newport Beach, CA",@rukiddingmelolz All that Bulls/Nike/McDonaldâ€™s money. Scottie is a legend.,1,0
102,2021-12-05 00:10:34,ZephyrChan (é™³å·½è¯),zephyrchan,572,1579,"San Francisco, CA","RT @TheDragonFeeder: â€œParties r accused of: 

â€œaiding &amp; abetting participation in subordination of exploitationâ€, 

â€œslavery, as a crime agâ€¦",0,13
105,2021-12-05 00:10:25,Xina Weicks,xinachan_,11,54,"Long Beach, CA",People love to wear nike but never just do it.,0,0
117,2021-12-05 00:09:37,alive,allifatihah,348,387,"Semarang, Jawa Tengah","RT @TheSiteSupply: Early look at the upcoming Louis Vuitton x Nike Air Force 1 Low âœ¨

ğŸ“¸ matthewmwilliams (IG) https://t.co/s6ebhzGuEC",0,102
118,2021-12-05 00:09:34,ChaseTheArt.eth,ChaseTheArt,831,1756,"New York, USA","RT @LightCultCrypto: Just announced! ğŸ’¡via @SneakerNews #ronenglish #lightcult #nft #kevindurant #nike #nftmint #lccc

https://t.co/D9I7sAvOâ€¦",0,16
122,2021-12-05 00:09:24,Braylon Watkins,hustlediff,10,27,"Grand Prairie, TX",@___MimiLove Ohhh idk then Nike just resent another pair no questions asked!!,0,0
129,2021-12-05 00:08:44,Chase,RaijinDG,3,15,"West Springfield, MA","RT @100Thieves: Our Thievesgiving festivities continue with our friends at @StockX!

This time, we're highlighting a gift from @CashNasty'sâ€¦",0,419
130,2021-12-05 00:08:42,ğŸ“Œ,biancalexandra0,436,388,"Lisboa, Portugal","RT @even_in_life: FamÃ­lia este ano deu nike, fui ver as luzes de natal com ele",0,1
131,2021-12-05 00:08:29,Braylon Watkins,hustlediff,10,27,"Grand Prairie, TX",@___MimiLove Is it Nike,0,0
132,2021-12-05 00:08:26,Sneaker Bar Detroit,SBDetroit,66239,109,"Detroit, MI",Nike KD 14 Inspired by Ron Englishâ€™s Light Cult Crypto Club https://t.co/BqzoR9fX70 https://t.co/0qlWB5g9cY,3,0
134,2021-12-05 00:08:20,JUSTin ğŸ¥±,Sir_Nike,2291,3596,"Dallas, TX",Brockkkk,2,0
138,2021-12-05 00:07:57,Maron Mulingtapang,MaronLuigi,68,71,"San Antonio, Calabarzon",RT @StreetFashion01: PATTA x Nike Air Max 1 Concept by EVANGE!ğŸ–¤ https://t.co/wKsdX9wNqQ,0,8104
140,2021-12-05 00:07:55,Chris Fenton,TheDragonFeeder,11660,7936,"Los Angeles, CA","â€œParties r accused of: 

â€œaiding &amp; abetting participation in subordination of exploitationâ€, 

â€œslavery, as a crime against humanityâ€ 

&amp; 

â€œaiding &amp; abetting (debt) fencing and or (debt) money launderingâ€.â€

#nike #patagonia #china #xinjiang #uyghurs 
 https://t.co/qAKrzaAatF",12,13
149,2021-12-05 00:07:31,ChaseTheArt.eth,ChaseTheArt,831,1756,"New York, USA","You may have heard of them-  @Nike, and a ball player named @KDTrey5, are releasing some @LightCultCrypto kicks. 
NIKE's first NFT anything. 
Probably... Something. 
Go mint one.
https://t.co/VlwDvQSpUp
Feel free to hit me up if you are confused or have any questions.
#NFT #LCCC https://t.co/acsjOz7sz0",1,0
150,2021-12-05 00:07:26,Brandy ğŸ¥€,8brandyy,160,243,"Cachan, France",depuis que je taff Ã  nike jâ€™achÃ¨te trop de paire câ€™est une dingueriie ğŸ˜©,0,0
156,2021-12-05 00:07:08,dayanahimesğŸŒ¼SkyğŸ•Š,justdianarodeo,788,73,"Manila, Philippines","RT @deogakkaiwayo: In 2012, B.A.P was chosen to represent NIKEâ€™s Air Force 1 as style icons for its 30th Anniversary. A spokesperson from Nâ€¦",0,81
162,2021-12-05 00:06:24,Indiana Williams,officially_indi,74,316,"Melbourne, Victoria","100km last month, on to the next 100! #nike #nikerunclub #nrc #running https://t.co/p5hQekSahC",2,0
163,2021-12-05 00:06:23,LF Sports,lfsports6_,767,2,"Realengo, Rio de Janeiro",NIKE BRINCOU DE FAZER CAMISA BONITA PRA INTER ESSA TEMPORADA!! ğŸ˜¬ğŸ’¥ğŸŒï¸â€â™‚ï¸ https://t.co/ArJVgi0omE,15,7
166,2021-12-05 00:06:12,Ty.ğŸª,teezy_h,571,1003,"Da Dirty South, GA",@chrisdamalexdis @FalconsRMcKay @AtlantaFalcons @Nike https://t.co/9N62u1Cf6k,0,0
194,2021-12-05 00:06:01,NateğŸ”ğŸŒ´,nathanmargiela,86,177,"Ewa Beach, HI",RT @StreetFashion01: Louis Vuitton x Nike SS22 Briefcase!ğŸ–¤ https://t.co/iCVZhoUbBz,0,78
200,2021-12-05 00:05:32,NUSKO KUSCO ğŸ’”ğŸ¥€,Nuskie2x,3799,3449,"Montgomery, AL",RT @Junfordd: Being a part of Nikeâ€™s #YardRunners Class Of 2021 gives me an overwhelming amount of joy that I was selected to be the advocaâ€¦,0,13
202,2021-12-05 00:05:23,ğš€ğšğš’ğš–eğš¢,QuimeyHiga26,56,100,"Mar del Plata, Argentina      ",juguÃ© al fÃºtbol con las nike por vos morocho,0,0
204,2021-12-05 00:05:18,KING TUT ğŸ¥ˆğŸ¥‰,_TwanHill,1529,834,"Michigan, USA",Omm need a nike tech,1,1
206,2021-12-05 00:05:14,Alien Space BabeğŸªâœ¨,nike_a_go_go,265,667,"Portland, OR",@KamenRiderNeko ğŸ˜° owww on the knuckle too!,0,0
207,2021-12-05 00:05:04,Gabe,gabrie1i,3,13,"Connecticut, USA","@kicksonfire Pretty simple. Jump man patch, drop. Nike Air patch, must cop",0,0
212,2021-12-05 00:04:35,Danny V.,Dannygots0le91,14,85,"Oakland, CA",RT for @virgilabloh #VirgilAbloh #RIPvirgilabloh #offwhite @OffWht @Nike I made myself. https://t.co/kttJgatEDp,0,0
214,2021-12-05 00:04:30,8/17 ğŸ’™,Katia_Rayanna,1560,860,"New York, NY",RT @StreetFashion01: Louis Vuitton x Nike SS22 Briefcase!ğŸ–¤ https://t.co/iCVZhoUbBz,0,78
220,2021-12-05 00:04:19,Daddy Fat Stacks,DaddyFatStacks8,1044,3396,"Las Vegas, NV","Baltimore Ravens Nike Olive Long Sleeve

https://t.co/ZlzpEjOash

#sponsored #baltimoreravens #nfl #ravens #baltimore #football #lamarjackson #ravensflock #ravensnation #sports #playlikearaven #ravensfootball #bmore #maryland #afcnorth #fantasyfootball #ravensfan #bigtruss https://t.co/JT6kkxWK3A",0,1
222,2021-12-05 00:04:16,S Q U I R E ğŸ¥µâš¡ï¸,_SupremeXSquire,592,738,"Zone 1,Bankhead",RT @ModernNotoriety: Nike SB Dunk Low â€œBlue Raspberryâ€ Launching Summer 2022 ğŸ”µ https://t.co/Zmr8hQmdgx https://t.co/6ECNYEgPup,0,45
228,2021-12-05 00:03:54,YKâ˜†Hama,PeasK045,36,388,"Setagaya,Tokyo","#nike ã•ã‚“ã€ #snkrs ã•ã‚“ï¼
ä»Šæ—¥ã‚‚ã‚¢ã‚¶ã¾ã™ğŸ™‡ğŸ¼â€â™‚ï¸ğŸ™‡ğŸ¼â€â™‚ï¸ğŸ™‡ğŸ¼â€â™‚ï¸
#lebron
#lebron19
#KingJames
#uniform_hook https://t.co/GAmRhi1Jwu",0,0
239,2021-12-05 00:03:16,JUSTin ğŸ¥±,Sir_Nike,2291,3596,"Dallas, TX",Bama routed our ass ğŸ¥´,3,0
252,2021-12-05 00:02:42,Gary Hulme,garyhulme1812,6923,6723,"Stoke-on-Trent, England","RT @NicoliarSturge1: The SNP HID the fact of the new virus ğŸ¦  YET again another cover up after the Nike virus ğŸ¦  cover up.

Jason letch on BBâ€¦",0,130
255,2021-12-05 00:02:36,ğ•„ğ•šğ•’ â™¡,Miastby,121,313,"Paris, France",ou chinelo da Nike https://t.co/LXXm02vc7s,2,0
257,2021-12-05 00:02:33,LYNNğŸ’š.,_boislynn,649,581,"Houston, TX",chick fil a &amp; a nike tech https://t.co/2Fn1FpL4Kf,1,0
258,2021-12-05 00:02:31,JUSTin ğŸ¥±,Sir_Nike,2291,3596,"Dallas, TX",Lmao really Stetson,1,0
260,2021-12-05 00:02:29,cauÃª,caueftn,877,475,"Barcelona, Spain","Nike Joyride Advertisement
all support is appreciated https://t.co/oiQYQzIq92",13,1
265,2021-12-05 00:02:10,Wabissa Bede â„ï¸,Wabissa_B11,4278,553,"College Station, TX",RT @brkicks: These Giannis Nike Zoom Freak 3 UNO colorways are amazing. One gotta go ğŸ¤” @Giannis_An34 https://t.co/GRvOUmHqOl,0,21
276,2021-12-05 00:01:18,SoleInsider,SoleInsider,3651,7946,"New York, NY","A Closer Look At The Nike Air Max 90 Golf NRG Leopard releasing December 18th, 2021 https://t.co/3tl0UiPPgF",0,0
277,2021-12-05 00:01:18,Lore Cortez ChÃ¡vez,Lcortezchavez,277,497,"Lima, Peru",Triangular - Copa Alianza Lima by Nike https://t.co/WYgLucv5jx,1,0
284,2021-12-05 00:00:36,Grindlos ğŸ‡©ğŸ‡´ğŸ‡¸ğŸ‡»,UptownFlyboy190,200,2612,"Allentown, PA","RT @SOLETOCART: Nike Air Jordan Retro XI ""Cool Grey"" slots are now live!

âœ…  12.11.21
âœ…  Ran on multiple websites!
âœ…  Hottest drop this monâ€¦",0,1
285,2021-12-05 00:00:29,MKE Business Journal,MKEBizJournal,24730,236,"Milwaukee, WI",These companies had the highest CEO-to-worker-pay ratios https://t.co/OddFxzcsBa https://t.co/p7ns9pxbfC,0,0
290,2021-12-05 00:00:15,Streetz Ent.Â®,Streetz_Ent,1982,2344,"Augusta, Georgia",RT @Jumpman23: The AJ XI â€˜Cool Greyâ€™ drops 12.11 in the Nike App. Download the app to get notified.,0,91
294,2021-12-05 00:00:11,West Side Marketplace,hopescloset2,3886,1183,"South Dakota, USA",RT @StateTreasures: Nike Standard Fit Dri-Fit 4 Pocket Men's Golf Pants Size 38Ã—32 - Grey #ebayseller #ebaydeals #ebayfinds #eBay #Sales #tâ€¦,0,6
303,2021-12-04 23:59:40,La Gata,chairaldine,48,686,"Los Angeles, CA","Nike, I am simply BEGGING you to make lifting shoes that just look like this. There is no reason they canâ€™t look this good, Iâ€™m tired of looking like a little nerd! https://t.co/Jlv7nMgtYL",0,0
307,2021-12-04 23:59:19,Princess Of MacabreğŸ‘‘ğŸ–¤ğŸ’‹,Tiffani_Cupcake,277,516,"Las Vegas, NV","RT @LXZRY_Apparel: *SPECIAL EDITION*
Bleu Clair Icon Sports Bra
Retail: $50
Free Shipping
NOW AVAILABLE!
â­ï¸
#LXZRY #LasVegas #SinCity #streâ€¦",0,1
308,2021-12-04 23:59:08,warehousejâ­•ï¸nn.eth,warehousejonn,71,153,"Baltimore, MD","RT @SneakerNews: Anyone into NFTs? This Nike KD 14 by Ron English touches on the Light Cult Crypto Club an the growing Bulbhead community
hâ€¦",0,15
321,2021-12-04 23:58:23,ğ•˜ğ•¦ğ•£ğ•¡ğ•£ğ•–ğ•–ğ•¥,preetk97,165,142,"California, USA",Nike sweatsuits ğŸ˜,0,0
335,2021-12-04 23:57:27,ryn,unionRK,52,46,"Oregon, USA",RT @Undrleakovr: Louis Vuitton x Nike Air Force 1 (2022) https://t.co/YlTDRezcFb,0,22
337,2021-12-04 23:57:17,FrancÃªs,matfranceschi,3093,926,"Rio de Janeiro, Brasil","VitÃ³ria Ã© ser playboy e pegar mina 
Rap da Armas, caralho, funk com axÃ© 
Blondor no bigode ralo, nÃ³s ama Nike Air!!",0,0
339,2021-12-04 23:57:15,mullerğŸ§‰,mullerkkj,510,1767,"Porto Alegre, Brasil","@Gaules realidade: parceria com a nike de algum tÃªnis (que serÃ¡ muito caro, diga-se de passagem)

mas Ã© god dms",1,0
345,2021-12-04 23:56:42,Matheus,Matheus22Rosa,7,39,"VitÃ³ria, Brasil","@vevitolas Ã‰ tipo aquele da nike ? Se for tem seu sauce po, sÃ³ precisa achar kkkkkk",0,0
353,2021-12-04 23:56:07,Jeramie Ungsod_KemMookdağŸ‡µğŸ‡­ğŸ‡µğŸ‡­ğŸ‡µğŸ‡­,JeramieUngsod,532,1756,"Quezon, Central Luzon","RT @voteforpjm: Jimin ranks 1st in the survey conducted by the Exciting Dish, DC Inside Portal site for 7 days (Nov 28 to Dec 4) as the Mosâ€¦",0,101
354,2021-12-04 23:56:05,Alex,spiderlesbian,47,370,"Glasgow, Scotland",Austinâ€™s ever present Nike sweatband just in the middle of his forearm like dude u are taking car wash orders why do u need a sweatband,0,0
358,2021-12-04 23:56:02,cauÃ£ lima,cauaalima_,130,100,"BrasÃ­lia, Brasil",saudades de quando o flamengo era nike,2,1
360,2021-12-04 23:55:51,DBOULğŸ‡¸ğŸ‡³ğŸ‡«ğŸ‡·,DBOUL71,983,521,"Nice, France",âœğŸ¼ je veux Ã§a #Nike pour le fÃªte de fin dâ€™annÃ©eâ¤ï¸âœ….       #PapaNoel01net #ad #GiveawayPcPortable #LRDS                @Nike https://t.co/TayhzI5ppq,1,0
361,2021-12-04 23:55:47,Maybe: Abdul,jpapigordoo,652,523,"Houston, TX","Never ordering directly through Nike again, my package has not shippedğŸ˜¡ğŸ˜¡",0,0
363,2021-12-04 23:55:42,HeG News ğŸ¥ƒ | OUÃ‡A OI DEUS,hegnewss,224,150,"UberlÃ¢ndia, Brasil",@centraldefasheg Nike PARABENS GUILHERME,0,0
370,2021-12-04 23:55:05,Toy â˜ºï¸,hi_im_toy,103,605,"Memphis, TN","RT @PeerlessClub: Pre-orders open for ""Cool Grey"" x
AJ Retro 11s"" tomorrow . First 10
people only! #Preorder #AirJordan 
#Retro11 #CoolGreyâ€¦",0,2
378,2021-12-04 23:54:34,2 Bit,Big_CliffHuncho,231,499,"Cleveland, OH",If Ion get a Nike Tech im moving furniture,0,0
383,2021-12-04 23:54:10,AdenikÃ¨,Nike_Olonade,640,309,"Waterloo, Ontario",RT @KShakur2U: Itâ€™s wild the things we donâ€™t even realize we donâ€™t have because of racism. I never even thought about the fact I never sawâ€¦,0,84010
384,2021-12-04 23:54:06,ye,sunatlaserbeam,574,576,"Semarang, Jawa Tengah","RT @Ovrnundr: Matthew Williams receives an early pair of Louis Vuitton x Nike Air Force 1 Low ğŸ‘€ 

Photo: @matthewmwilliams https://t.co/V2iâ€¦",0,62
386,2021-12-04 23:53:58,AdenikÃ¨,Nike_Olonade,640,309,"Waterloo, Ontario",RT @gbenro: ğŸƒ https://t.co/oLIcG0V7Vv,0,54
390,2021-12-04 23:53:48,ye,sunatlaserbeam,574,576,"Semarang, Jawa Tengah",RT @kicksonfire: Official Images: Nike Air Max 97 Air Sprung https://t.co/Nyr8Ll7LUy,0,13
393,2021-12-04 23:53:43,paola alejandra,_paolial,195,293,"Cayey, Puerto Rico",RT @bestoffshoes: Nike SB Dunk Low https://t.co/YRyaDX3xOe,0,249
397,2021-12-04 23:53:32,Jahmari,Jahmarilowe97__,306,1231,"Ajax, Pickering","RT @JustFreshKicks: Releasing 12/18 via SNKRS
Air Jordan 1 Retro High OG 'Craft'
=&gt; https://t.co/nNXfAVMRgI https://t.co/zhAXGRRn5I",0,9
398,2021-12-04 23:53:16,Dr.Vill'a,Chinemerem_14,40,122,"Lagos, Nigeria",@iiam_nike In lasis voice..... Nike!!,0,0
399,2021-12-04 23:53:14,ye,sunatlaserbeam,574,576,"Semarang, Jawa Tengah","RT @SneakerNews: Anyone into NFTs? This Nike KD 14 by Ron English touches on the Light Cult Crypto Club an the growing Bulbhead community
hâ€¦",0,15
402,2021-12-04 23:53:04,Casey Jones,nike_flippies,547,480,"Riverside, CA",Complacency is the worst trait to have,0,0
403,2021-12-04 23:53:04,F a r r u ğŸ¤˜ğŸ»,farru_1995,893,609,"Montevideo, Uruguay","No he visto champion en la historia de la humanidad que supere a los Nike total 90 ,firme que si tenÃ­as esos eras JesÃºs https://t.co/Hml9jQ2NTi",0,0
408,2021-12-04 23:52:48,AdenikÃ¨,Nike_Olonade,640,309,"Waterloo, Ontario","RT @Jesugbemileke: This!!!!!
That feeling of not being able to pray, the unworthiness, the feeling of God being ashamed of you, that heavyâ€¦",0,9
410,2021-12-04 23:52:27,Azizaâœ¨ğŸ’•,4everziza,1980,2289,"Maryland, USA",RT @JetLifeBrandon: Crunchy up there in a ski mask &amp; Nike Boots like he in the gogo,0,188
420,2021-12-04 23:51:55,you can call me,iicaaaaaak,529,367,"Tangerang, Indonesia",@ohmybeautybank Nike jordan yg abu ğŸ¥²,0,0
424,2021-12-04 23:51:37,olive ğŸ«’,pengtinglikeliv,235,211,"Toronto, Ontario",RT @kicksonfire: Nike Dunk Low WMNS Winter Solstice. â˜€ï¸ https://t.co/7Dgi0gHIdj,0,46
425,2021-12-04 23:51:37,NicolÃ¡s HernÃ¡ndez,nike_hernandez2,114,2106,"Tampico, Tamaulipas",@RaoulPolloOrtiz Y en puestos de conference league,1,0
434,2021-12-04 23:51:21,Trapahari,KahariOneHunnit,771,755,"Boston, MA",RT @Undrleakovr: Louis Vuitton x Nike Air Force 1 (2022) https://t.co/YlTDRezcFb,0,23
438,2021-12-04 23:51:06,Kaya ğŸ‘ŸğŸ§‹,Kaya_Alexander5,1509,1083,"Chicago, IL",@p_kicks23 @maniere_usa @Jumpman23 @nikestore @Nike @SneakerAdmirals Thank you!! ğŸ™ğŸ™,1,0
447,2021-12-04 23:50:47,Angelina Vargas,avargas046,1,1,"Colorado Springs, CO",RT @ModernNotoriety: Nike SB Dunk Low â€œBlue Raspberryâ€ Launching Summer 2022 ğŸ”µ https://t.co/Zmr8hQmdgx https://t.co/6ECNYEgPup,0,45
448,2021-12-04 23:50:45,Casey Jones,nike_flippies,547,480,"Riverside, CA",RT @TrialGhislaine: Global media industrial complex fails to report on the Epstein case.,0,71
452,2021-12-04 23:50:35,Casey Jones,nike_flippies,547,480,"Riverside, CA",RT @Monty_Badu: that part. https://t.co/yFmPX0lFmg,0,9756
461,2021-12-04 23:49:55,Casey Jones,nike_flippies,547,480,"Riverside, CA",All night parking ~Adele,0,0
465,2021-12-04 23:49:36,Aurora,ABmaniwaters,228,683,"Arizona, USA","RT @projectNANOPASS: Today we hosted our first Nanopass Charity Auction!

Thank you @tier1brick for providing your Nike Dunk Panda Lows forâ€¦",0,170
467,2021-12-04 23:49:35,Ashley,smashley0095,87,70,"san diego, ca",RT @Undrleakovr: Louis Vuitton x Nike Air Force 1 (2022) https://t.co/YlTDRezcFb,0,23
474,2021-12-04 23:49:03,Soapierpompano,Soapierpompano,620,915,"QuÃ©bec, Canada","Been running Nike CA for a week for brick flips and it's looking good ğŸ’ğŸ‡¨ğŸ‡¦ğŸ˜ğŸš€

Bots: @TohruAIO_ 
Proxies: @northproxies @ProxyChimp @SpaceProxies @heatproxy 
CG: @TheNorthCop @cookalerts
FnF: @Zagmoji
Cook buddy: @snkrsca @mane_mane_24 @DOINGITXL https://t.co/nlojtNnb9f",3,1
479,2021-12-04 23:48:31,Niptuck ï£¿,Niqominaj1,1692,1581,"Hidden Hills, CA",Y is this ugly shoe 7k @Nike https://t.co/r5Yet7c6DH,2,0
482,2021-12-04 23:48:15,Daddy Fat Stacks,DaddyFatStacks8,1044,3396,"Las Vegas, NV","Indianapolis Colts Darius Leonard Jersey Royal

https://t.co/Hm3JraEfGw

#sponsored #indianapoliscolts #colts #coltsnation #indianapolis #coltsfootball #gocolts #indy #coltsforged #coltsfan #coltstrong #tyhilton #coltsstrong #coltsfans #andrewluck #indiana #indycolts https://t.co/a7tPMla8ev",0,0
484,2021-12-04 23:48:09,Matheus AraÃºjo,TheussAraujo,679,673,"BrasÃ­lia, Brasil","EngraÃ§ado todo rave pvt eu uso nike, nos house sÃ³ uso Adidas kkkkkkkk porÃ©m amanhÃ£ queria ir de Adidas :(",1,0
503,2021-12-04 23:46:47,gâ˜»ï¸rY... â˜ ï¸,bezaresgory,363,77,"Jacksonville Beach, FL",RT @sneakerhuddle: Off-White x Louis Vuitton x Nike Air Force 1 - WHAT A MASTERPIECE ğŸ–Œ https://t.co/vYYhgW69BA,0,28
512,2021-12-04 23:46:17,Des ğŸ‘¸ğŸ½,Deezy_Mego,654,479,"Coal Region, P.A",@Nike why am I being lied to by your team? ğŸ¥´ https://t.co/FHiw4YVn7M,0,0
513,2021-12-04 23:46:13,Sneaker Bar Detroit,SBDetroit,66239,109,"Detroit, MI","Nike LeBron 19 ""Dutch Blue"" Releases December 18th https://t.co/t0HJP0gk7k https://t.co/mLT3kLYF8X",7,3
516,2021-12-04 23:45:55,N A C H O Â®,matiaaaaas_DR,610,564,"ConcepciÃ³n, Chile",Estoy entre unas Adidas o Nike,0,0
517,2021-12-04 23:45:49,Catherine quevedo,Catherinequeve3,450,751,"Baguio City, Cordillera Admin ","RT @keunurO_O: NGAYON KO LANG NAPANSIN LAHAT SILA NAKA NIKE SHOES?????

LAFSxSB19 OST SOON
@SB19Official
#STANWORLD #SB19
Watch #Bazinga_SBâ€¦",0,24
519,2021-12-04 23:45:40,âœ¨PeerlessğŸ‘ŸClubâœ¨,PeerlessClub,2,1,"Goodyear, AZ","Pre-orders open for ""Cool Grey"" x
AJ Retro 11s"" tomorrow . First 10
people only! #Preorder #AirJordan 
#Retro11 #CoolGrey #SneakerPlug
#Nike #LatestDrop #SneakerHead
#SneakerCommunity https://t.co/AhYT2MrcHd",1,2
520,2021-12-04 23:45:37,Topher White,cwhite24,1114,3500,"ÃœT: 40.104184,-82.94296","RT @KicksDeals: The appealing NEW university red/light photo blue ""Air Max Running Club"" Nike Air Max Plus SE is direct from @nikestore witâ€¦",0,6
521,2021-12-04 23:45:26,JR.,FollowThe_Leada,35,0,"Norfolk, Virginia ",Nah thatâ€™s cause I get basketball ğŸ€ Nike gear,0,0
523,2021-12-04 23:45:14,âšœPatrick Broussardâšœ,p_kicks23,608,1099,"Dallas, TX",@TheDon8708 @nikestore @Nike @Jumpman23 Best Jordan 9 cw!!!!,1,0
525,2021-12-04 23:44:59,Josef Aragao SCCP,JosefAragaoSCCP,961,4588,"CarapicuÃ­ba, Brasil","RT @TudodePES: PES 2021 - NOVO UNIFORME CORINTHIANS EM HOMENAGEM AO DR. SÃ“CRATES 4K

VÃ­deo Completo: https://t.co/68QYFwEkEl

#Corinthiansâ€¦",0,11
535,2021-12-04 23:43:55,âš¾ï¸TBGğŸ…,TBGofficial_,605,1294,"Indianapolis, IN","RT @Pickswise: ğŸ„ 25 DAYS OF CHRISTMAS GIVEAWAY ğŸ„

We're rolling with @laurenjbara's SEC Championship pick. If Alabama covers +6.5, we'll giâ€¦",0,102
536,2021-12-04 23:43:53,Kay Glizzy,33shots_Glizzy,692,319,"Stuyraq , Brooklyn",I need to invest in that Nike ski mask,0,0
538,2021-12-04 23:43:47,MC PESSANHA ğŸ¤,MCPessanhadeMke,2246,2230,"MacaÃ©, Brasil",@ErriJotta TÃ´ pensando em avanÃ§ar de Nike,0,0
541,2021-12-04 23:43:33,Ë¢áµ‡@ğŸ‡µğŸ‡­Live-GITZğŸ’,olivvane2,4224,4509,"National Capital Region, Repub","RT @keunurO_O: NGAYON KO LANG NAPANSIN LAHAT SILA NAKA NIKE SHOES?????

LAFSxSB19 OST SOON
@SB19Official
#STANWORLD #SB19
Watch #Bazinga_SBâ€¦",0,24
552,2021-12-04 23:43:17,JBemisUofH,listandsellnow,285,1115,"Houston, Texas",Finally the L streak is over #SNKRS #Nike https://t.co/g8BdK8yb9R,0,0
556,2021-12-04 23:43:02,tim hell.,itsTimHell,5558,1325,"Brooklyn, NY",RT @StreetFashion01: Louis Vuitton x Nike SS22 Briefcase!ğŸ–¤ https://t.co/iCVZhoUbBz,0,78
560,2021-12-04 23:42:38,Ivy Park-Simpson â˜„ï¸ğŸ’¥,yungranch_,794,1743,"FUGGEDÎ”BOUTIT, NY",RT @StreetFashion01: Louis Vuitton x Nike SS22 Briefcase!ğŸ–¤ https://t.co/iCVZhoUbBz,0,78
562,2021-12-04 23:42:29,ZEKğŸ¤ŸğŸ¾ğŸ€ğŸ®,SupremeZek,100,444,"Georgia, USA",RT @brkicks: These Giannis Nike Zoom Freak 3 UNO colorways are amazing. One gotta go ğŸ¤” @Giannis_An34 https://t.co/GRvOUmHqOl,0,21
563,2021-12-04 23:42:24,âšœPatrick Broussardâšœ,p_kicks23,608,1099,"Dallas, TX",@Kaya_Alexander5 @maniere_usa @Jumpman23 @nikestore @Nike @SneakerAdmirals Congrats!!!,1,0
573,2021-12-04 23:41:47,ê¶Œì •ì JungJa  Kwon,fmdFJgOIWjSgLJO,20,3,"ëŒ€í•œë¯¼êµ­ ì„œìš¸ Seoul, Korea","RT @lizahasanova: #GDRAGON PEACEMINUSONE X NIKE KWONDO 1 promo in Beijing SKP SELECT, China

cr. KICKSVISION weibo
#kwondo1 #peaceminusoneâ€¦",0,50
580,2021-12-04 23:41:33,JG ï£¿,021_joaozinn,345,3007,"Ãgua Santa, Rio de Janeiro",RT @VnMultimarcasPu: Nike da cabeÃ§a aos pÃ©s  âœ…ğŸ¤¤ğŸ¤¤ https://t.co/TbYv9RrX7F,0,18
586,2021-12-04 23:41:11,gÎ±bi,gaAb_CaldeirA,402,255,"JaguarÃ£o, Brasil",N sei se boto o Nike ou o tÃªnis rosa,0,0
587,2021-12-04 23:41:11,Sebastian Lamens,SebastianLamens,591,3730,"Rheden, Nederland",https://t.co/UHUcBpj3uo,0,1
589,2021-12-04 23:41:06,JULIAğŸ¤™Â¹âµğŸŒ± LSV3 CUTIE,Jshcullensnt,638,1415,"Central Luzon, Republic of the","RT @keunurO_O: NGAYON KO LANG NAPANSIN LAHAT SILA NAKA NIKE SHOES?????

LAFSxSB19 OST SOON
@SB19Official
#STANWORLD #SB19
Watch #Bazinga_SBâ€¦",0,24
595,2021-12-04 23:40:24,ê¶Œì •ì JungJa  Kwon,fmdFJgOIWjSgLJO,20,3,"ëŒ€í•œë¯¼êµ­ ì„œìš¸ Seoul, Korea","RT @lizahasanova: Korean artist Kim Sedong aka SAMBYPEN IG update with #GDRAGON and Nike fam fanart Ñ‚Ñ‚ 

Travis Scott
Drake
Dr.Woo
Virgil Aâ€¦",0,46
596,2021-12-04 23:40:24,AyoubğŸ©¸ğŸ‡²ğŸ‡¦,zikso78,418,579,"Agadir, 78",Amine il voulais nikÃ© le gars ğŸ¤£ğŸ¤£ https://t.co/AQCAJywl7O,0,0
597,2021-12-04 23:40:19,Karlie ğŸ¤,karlie_momo,384,357,"South Africa, pretty gang ","RT @MprueDie: Ey I hope sheâ€™s fine , actually Iâ€™m unfair to consider the feelings of just Miss baby Hennessy - even Miss Nike tracksuit desâ€¦",0,4
599,2021-12-04 23:40:17,Ruan aligenigena ğŸ‘½ğŸ”º,Ruanzinpray,126,2210,"Brazil, Rs","RT @ClotheZFR: NoÃ«l approche ! ğŸ…ğŸ

Nous Ã©tions obligÃ©s de sauter sur l'occasion et pourquoi pas vous faire profiter aussi ?!

Nous vous faiâ€¦",0,50
601,2021-12-04 23:40:08,NANDO. ğŸ¹,nand0garza,1991,1303,"San Antonio, TX",copped a fresh Nike sweater boyyy ğŸ˜®â€ğŸ’¨,1,0
602,2021-12-04 23:40:08,El Samito,NdinguSam,4657,5122,"East London, South Africa",RT @NotYetUhuru_: Aye but Nike tracksuit &gt; cupcakes ze dick,0,31
606,2021-12-04 23:40:02,hiddenintheclouds â›ˆ,Mueses34,510,835,"Brooklyn, NY",Nike tech suit and 350s is nuts,0,0
613,2021-12-04 23:39:48,CJ Jones,DatDudeTX,425,1746,"London, England","RT @thesolesupplier: The sacai x Nike Blazer Low surfaces in an ultra clean ""White"" Colourway ğŸ”¥ 

MORE HERE: https://t.co/bql387gaRc https:â€¦",0,7
621,2021-12-04 23:39:25,mai,madeinheavven,705,689,"cba, arg",salÃ­ 2 segs a la avenida y la calle estÃ¡ repleta de parejitas deja para aumentar mi depresiÃ³n mejor voy a una tienda nike no salgo mÃ¡s,0,0
622,2021-12-04 23:39:23,ê¶Œì •ì JungJa  Kwon,fmdFJgOIWjSgLJO,20,3,"ëŒ€í•œë¯¼êµ­ ì„œìš¸ Seoul, Korea","RT @lizahasanova: #GDRAGON PEACEMINUSONE X NIKE KWONDO 1 promo in Beijing SKP SELECT, China

cr. KICKSVISION weibo
#kwondo1 #peaceminusoneâ€¦",0,40
625,2021-12-04 23:39:14,Azelay ğŸ§ ,azelay96,94,66,"Marseille, France",Mdr la collection nocta ils se touchent. 300 lâ€™ensemble nike bien lÃ©ger la. Le pull 500 dollars ?? Allez allez,0,0
629,2021-12-04 23:39:06,adri ğŸ„ğŸ½â€â™‚ï¸,adriffernaandez,1267,1246,"Granada, EspaÃ±a",RT @StreetFashion01: Louis Vuitton x Nike SS22 Briefcase!ğŸ–¤ https://t.co/iCVZhoUbBz,0,78
644,2021-12-04 23:37:55,Adam is Unwell (10 min version),adamj_griff,16780,1764,"Los Angeles, CA",Just ordered the Nike j*ckstraps and some fall colors from @mcecreations. Who needs a secret Santa anyway?,26,0
656,2021-12-04 23:37:13,ğŸ¤´ğŸ¾ ğ‰ğ”ğ‰ğ”,juju96___,1413,5002,"Birmingham, AL ","RT @nicekicks: Nike Air returns on the new ""Fire Red"" AJ3 OG set for 2022. ğŸ‘€ğŸš¨",0,229
661,2021-12-04 23:36:54,Slum Dogg Bigg Slime,JiggaMyNigga_,632,514,"Los Angeles, CA",RT @StreetFashion01: Louis Vuitton x Nike SS22 Briefcase!ğŸ–¤ https://t.co/iCVZhoUbBz,0,78
662,2021-12-04 23:36:53,JUSTin ğŸ¥±,Sir_Nike,2291,3596,"Dallas, TX",Todd Monken ainâ€™t seen the film I seen. No way in hell,3,0
663,2021-12-04 23:36:45,Wanda Cooper,WandaCo87259801,308,1157,"Houston, TX",Check out this listing I just added to my #Poshmark closet: Nike Dri-Fit Women Sleeveless Tonal Print Polo Shirt. https://t.co/1fyyBB42Em #shopmycloset @poshmarkapp,0,0
669,2021-12-04 23:36:10,Claâ€™ğŸ¤,ClarisseLmrx,221,497,"Ile-de-France, France",RT @babyzooo_: Câ€™est nike ! https://t.co/u1W4XlSeLe,0,1
673,2021-12-04 23:35:50,Emir,siebenvierzwei,11658,11128,"Ankara, TÃ¼rkiye",en azÄ±ndan keep it real gucci ya da fendi yok nike'ler Ã¼zerimde,11,0
674,2021-12-04 23:35:49,Heather,dailydoseofhey,60,163,"Austin, TX",always been &amp; always will be the biggest slut for @Nike,0,0
676,2021-12-04 23:35:48,Donna Daugherty,DonnaKay1971,166,264,"Tupelo, MS",Check out this listing I just added to my #Poshmark closet: Nike Air Jordan 1 Retro High BG 'Deep Royal Blue' 705300-406 Youth Size 5Y. https://t.co/ttPJLFb8Ge #shopmycloset @poshmarkapp,0,0
684,2021-12-04 23:35:01,S Shepsy â­,wannabe_star,263,758,"London, England",RT @m_scrapbook: Madonna had a possible Nike Commercial deal in 1990. They wanted her to wear the shoes. She didnâ€™t want to. They said â€œNoâ€¦,0,233
686,2021-12-04 23:34:56,Ruraly Blue,bluenamicomin,10898,10441,"Maine, USA",@Nike I don't buy shit made by Chinese slave children !!,0,0
687,2021-12-04 23:34:55,Sneaker Bar Detroit,SBDetroit,66239,109,"Detroit, MI","Nike LeBron 19 ""Uniform Hook"" Releases December 18th https://t.co/hzZ3CQX1oW https://t.co/bkf29CdKGW",15,4
702,2021-12-04 23:34:17,Daddy Fat Stacks,DaddyFatStacks8,1044,3396,"Las Vegas, NV","Baltimore Ravens Lamar Jackson Jersey Black

https://t.co/JV2Obg4MHb

#sponsored #baltimoreravens #nfl #ravens #baltimore #football #lamarjackson #ravensflock #ravensnation #sports #playlikearaven #ravensfootball #bmore #maryland #afcnorth #fantasyfootball #ravensfan #bigtruss https://t.co/YYhkoyJgCA",0,3
703,2021-12-04 23:34:16,Lou,LouSeph84,1511,4775,"Philadelphia, PA","@John81262621 @zachary_26_ @ChagNba He could of come back in January that year and didnâ€™t so he could be eligible for rookie of the year and get the bonus from Nike.
Thatâ€™s the point.",0,0
705,2021-12-04 23:34:09,Greg,NinerGreg,577,929,"San Jose, CA",@eolivares1976 More and more I'm preferring Mitchell &amp; Ness vintage jerseys over the Nike ones. They feel better and are made better.,2,0
707,2021-12-04 23:33:50,Robin | ğŸ¤¡,ReyZiRM,614,2339,"Ajaccio, Corse","RT @HOUSEOFHEAT: The Nike SB Dunk Low â€œBlue Raspberryâ€ is coming soon ğŸ‘€

DETAILS: https://t.co/8MkN8McnRG https://t.co/pQM2hUMgZE",0,25
708,2021-12-04 23:33:50,valee ;),Valenmarin07,164,321,"Mendoza, Argentina",RT @janoodiaz: Me quiero comprar todo nike,0,21
711,2021-12-04 23:33:40,Lou,LouSeph84,1511,4775,"Philadelphia, PA",@zachary_26_ @ChagNba Correct. Simmons purposefully sat out half the year when he could of played to game the system because he got a bonus from Nike for winning Rookie of the year.,0,0
714,2021-12-04 23:33:20,Ken Sloetjes,SloetjesG,150,466,"St. Thomas, Ontario","RT @portsailorsjrc: GO SAILORS GO.

Game night in Ilderton vs. The @Lucan_Irish .

#hockey #hockeynight #gametime #nhlhockey #pjhl #nhl #ohâ€¦",0,2
721,2021-12-04 23:33:02,Lou,LouSeph84,1511,4775,"Philadelphia, PA",@jayphlx @ChagNba Simmons was technically in his second year tho. He sat out a year to be eligible for the award to get a bonus from Nike.,0,0
730,2021-12-04 23:32:33,Jamaal Al-Din,raiders_227_tv,5,94,"Boise, ID",RT @raiders_227_tv: https://t.co/lYebMEaqef https://t.co/v8ICSEefnO Allegiant Stadium Tour - 227's YouTube Chili' Las Vegas Chili' Raidersâ€¦,0,2
739,2021-12-04 23:32:11,promocode,thematrixiscool,752,223,"Maine, USA",What the hell am I looking at? https://t.co/9dH9tNTvhG,0,0
746,2021-12-04 23:31:54,King Kimmy ğŸ‡±ğŸ‡¨,KimmyOHSOSmug,525,438,"MontrÃ©al, QuÃ©bec",My Nike package been stuck in yo city @TheImmaculateC go to the FedEx facility and make some noise real quick ğŸ˜†,0,0
747,2021-12-04 23:31:53,BrianD,briandysart,56,222,"Coleraine, Northern Ireland","RT @NicoliarSturge1: The SNP HID the fact of the new virus ğŸ¦  YET again another cover up after the Nike virus ğŸ¦  cover up.

Jason letch on BBâ€¦",0,130
748,2021-12-04 23:31:51,Zakerie,Doobi3imag3,63,306,"Dallas, TX",RT @kicksonfire: Nike Dunk Low WMNS Winter Solstice. â˜€ï¸ https://t.co/7Dgi0gHIdj,0,46
752,2021-12-04 23:31:41,Mohammad Ali,AliPk7332,188,740,"Dhaka, Bangladesh","October 2021 Sneaker Releases: Air Jordan, Nike,Â Yeezy https://t.co/yy3JGW645d",0,0
754,2021-12-04 23:31:26,Elizabeth Enlow,elizabeth_enlow,13,84,"Phoenix, AZ",So good I had to share! Check out all the items I'm loving on @Poshmarkapp #poshmark #fashion #style #shopmycloset #nike #nars #vintage: https://t.co/FjlmHZiVt4 https://t.co/26ypZY840G,0,0
755,2021-12-04 23:31:26,Lucia craciun,lucia_craciun,15,193,"Fort Lauderdale, FL",So good I had to share! Check out all the items I'm loving on @Poshmarkapp from @mr_sunmoon #poshmark #fashion #style #shopmycloset #nike #panhandleslim: https://t.co/3h9P5HFpZB https://t.co/7kSKP6E5FG,0,0
757,2021-12-04 23:31:23,young.j ğŸ§â€â™‚ï¸,20Dex00,882,802,"Santos, Brasil",Full Nike forever hoje Ã© rave ğŸ¥³ğŸ˜œ,0,0
759,2021-12-04 23:31:17,central.corinthiana,centcorinthiana,267,277,"SÃ£o Paulo, Brasil","RT @Corinthians: Um Ã­dolo dentro e fora dos gramados. Ã‰ impossÃ­vel falar de
Corinthians sem falar de SÃ³crates, e Ã© impossÃ­vel falar de SÃ³crâ€¦",0,291
762,2021-12-04 23:31:06,KicksOnFire,kicksonfire,1093619,0,"New York, NY",This Nike Air Force 1 Fontanka Comes With Tortoise Shell Swooshes https://t.co/fTrGRgPnl9,20,0
767,2021-12-04 23:30:50,Jewelsbythebunch,Jewelsbybunch,364,394,"Clementon, NJ","RT @ClarasJewelry: Vintage Nike Tshirt $10   Bundle Deals Available! 
#mercari #clothing #accessories #shoes #giftideas #new #vintage #retrâ€¦",0,2
773,2021-12-04 23:30:32,Mrs Solo Dolo ğŸ¦‹ ğŸ‡§ğŸ‡¸,Chisophly,379,394,"Chicago, IL","RT @Ovrnundr: Matthew Williams receives an early pair of Louis Vuitton x Nike Air Force 1 Low ğŸ‘€ 

Photo: @matthewmwilliams https://t.co/V2iâ€¦",0,62
774,2021-12-04 23:30:27,cryptocoinboom,cryptocoinboom,347,0,"Los Angeles, California, USA",CRYPTO NEWS:  #Nike #trademark applications and job posting hint at joining the #metaverse https://t.co/XmepeR0he0 #altcoin #altcoinnews #business #crypto #cryptocoin #cryptocurrency #sport https://t.co/URRpxMqkSk,0,0
779,2021-12-04 23:30:22,ClarasJewelry,ClarasJewelry,13127,11985,"Victoria, TX","RT @ClarasJewelry: Vintage Nike Tshirt $10   Bundle Deals Available! 
#mercari #clothing #accessories #shoes #giftideas #new #vintage #retrâ€¦",0,2
780,2021-12-04 23:30:21,Redd 8/9 #LEO,Aksents_DCR,1101,2589,"Los Angeles,Ca All Day","RT @TheSiteSupply: Early look at the upcoming Louis Vuitton x Nike Air Force 1 Low âœ¨

ğŸ“¸ matthewmwilliams (IG) https://t.co/s6ebhzGuEC",0,102
785,2021-12-04 23:30:09,Nicodemus Benson,nicodemus_ben,39,265,"River STATE, NIGERIA ",@IamOlakira A Nike shoeğŸ˜¥ğŸ˜¥,0,0
793,2021-12-04 23:29:25,Goon_Wit_A_SpoonğŸ¥„,bryanwebb3,364,353,"San Antonio, TX","RT @KicksDeals: The appealing NEW university red/light photo blue ""Air Max Running Club"" Nike Air Max Plus SE is direct from @nikestore witâ€¦",0,6
797,2021-12-04 23:29:14,2 SWEET 2 BE 4GOTTENâˆ¼On The Go,2SWEET2BE,74,375,"MONTGOMERY, ALABAMA",So good I had to share! Check out all the items I'm loving on @Poshmarkapp #poshmark #fashion #style #shopmycloset #nike #lacoste #universal: https://t.co/2TWSZGps3A https://t.co/uimqxYQzrM,0,0
798,2021-12-04 23:29:12,KC,KC30152969,5,13,"Charlottesville, VA",@MRMadamTara I have always been a NIKE fanâ€¦ ğŸ˜‚ ğŸ˜,1,0
800,2021-12-04 23:29:10,Justin Flowers,JDove37,9,81,"Middletown, DE","RT @usatf: Congratulations are in order for these award winners! ğŸ‘ğŸ‘ğŸ‘
 
Erriyon Kighton, Youth Athlete of the Year
Kathy Bergen, Masters Athâ€¦",0,11
804,2021-12-04 23:28:56,Gabs (12-12),Gabskkkkkll,368,1077,"JiquiriÃ§Ã¡, Brasil","RT @Splashbrosbr: ""Gosto mais de Adidas do que Nike"" ğŸš«ğŸš«ğŸš«ğŸš«ğŸš«ğŸš«ğŸš«ğŸš«ğŸš«ğŸš«ğŸš«ğŸš«ğŸš«ğŸš«ğŸš«ğŸš«ğŸš«ğŸš«ğŸš«ğŸš«ğŸš«",0,1
805,2021-12-04 23:28:54,mths,originaldarua,316,150,"SÃ£o JosÃ© dos Campos, Brasil",Quase comprando um nike 40 novinho pro meu filho que eu nem tenho https://t.co/RZsexEHyQA,0,0
806,2021-12-04 23:28:53,.,Cam1sa_10,495,483,"Rio de Janeiro, Brasil",Que falta meu cordÃ£o da nike me faz ğŸ¥²,0,0
807,2021-12-04 23:28:51,Danny,Justmessin7,579,214,"Baden-WÃ¼rttemberg, Deutschland",@FreveoRL @Mecr0_RL Nike immer gut,0,0
811,2021-12-04 23:28:43,ScubaSteve ğŸ¤¿,tolentinosteven,222,300,"Houston, TX",RT @zSneakerHeadz: #HarvestMoon Nike Dunk Low official images! ğŸŒ• https://t.co/T8ho4hGGFc,0,83
813,2021-12-04 23:28:41,A Blessing Dandridgeâœ¨ğŸ”ğŸš€ğŸºâš¡ï¸,DandridgeAfram,3525,1501,"Kumasi, Ghana, Africa",@artbysheriff @Nike @OnePieceAnime @boobsoverbooks migrate,0,0
814,2021-12-04 23:28:41,Nike Service,NikeService,200100,546,"Beaverton, Oregon","@sneakerology0 Not what we like to hear! Meet us in DM with your Nike Member email and order number, so we can take a closer look. ğŸ‘‡ https://t.co/dsJjx1OYXB",0,0
816,2021-12-04 23:28:28,IMLinDi,IMLimpressions,25,85,"California, USA",@snkr_twitr I hope Nike sells these from their website.,0,0
818,2021-12-04 23:28:24,ErdoÄŸan,girayyerdo,17,24,"Ä°stanbul, TÃ¼rkiye",Bulunmaz hint kumaÅŸÄ± olabilirsin ama ben nÄ±ke giyiyorum bebeÄŸim,0,0
821,2021-12-04 23:28:21,lyn,svpremekay,915,679,"Detroit, MI",RT @Junfordd: Being a part of Nikeâ€™s #YardRunners Class Of 2021 gives me an overwhelming amount of joy that I was selected to be the advocaâ€¦,0,13
827,2021-12-04 23:28:06,.,Cam1sa_10,495,483,"Rio de Janeiro, Brasil","SÃ³ faltou meu cordao da nike pra ser o ""kit completo"" pai tÃ¡ todo de nike hj fi",0,0
835,2021-12-04 23:27:36,EliteResaleShop,EliteResaleShop,255,611,"Oak Lawn, IL",Check out Nike Air Jordan VII 7 Retro 2002 Crib French Blue Flint Grey 305076-141 Baby 1C #Jordan https://t.co/OOZnzfto4v via @eBay,0,0
840,2021-12-04 23:27:18,WERE YOU AT ODDS WITH HER ?,hisexcellence79,1735,4023,"Erie, PA","RT @SILLK_G: #12daysofdeadstock 
I missed day 3 post but I did take pics.
Another throwback I had and happy to get again, although these feâ€¦",0,1
842,2021-12-04 23:27:16,ğŸ¥±,Brandoo5k,825,940,"Landover, MD",RT @JetLifeBrandon: Crunchy up there in a ski mask &amp; Nike Boots like he in the gogo,0,189
844,2021-12-04 23:27:07,PATRICK,PMckennedy,144,439,"Columbus, OH","Ran 10.15 miles with Nikeâ  Run Club. Another long and winding trail. 8.5 run/bike path, 1.5 trails and all of it fun ğŸ¤©. Have an awesome Saturday night #crc #6run4 https://t.co/SckP5AjnnR",0,0
851,2021-12-04 23:26:50,frank trapani,ftrap23,37,640,"New Jersey, USA","RT @Pickswise: ğŸ„ 25 DAYS OF CHRISTMAS GIVEAWAY ğŸ„

We're rolling with @laurenjbara's SEC Championship pick. If Alabama covers +6.5, we'll giâ€¦",0,102
855,2021-12-04 23:26:44,Jake ğŸ‡®ğŸ‡ª,JakeMcBoss,1374,779,"999 â™ª Limerick, Ireland   ğŸ‘‰",@DaveOCKOP looks like a mcdonalds x nike collab,4,0
856,2021-12-04 23:26:42,Boiler Uniforms ğŸš‚,BoilerUniforms,2929,289,"West Lafayette, IN","Only a few sizes left on Fanatics for the Black Basketball jersey, coincidentally celebrating a single digit for those of you who observe AP Ranking Mondays.

Get it by Christmas if you order today.
ğŸ”— - https://t.co/WJoOLuwLaC https://t.co/OG2luYRont",3,2
857,2021-12-04 23:26:40,Views from Kukuterian,Pm_kukuterian2,872,1098,"Johannesburg, South Africa",Nigga probably putting all those Baby Hennessey's in the pockets of his Nike tracksuit bought by the side and leaving the hotel room ğŸ¤£ğŸ¤£ğŸ¤£,0,0
872,2021-12-04 23:25:31,$hinigami,LivingSupreme,833,394,"Wowie Island, NY ","RT @HOUSEOFHEAT: The Nike SB Dunk Low â€œBlue Raspberryâ€ is coming soon ğŸ‘€

DETAILS: https://t.co/8MkN8McnRG https://t.co/pQM2hUMgZE",0,25
873,2021-12-04 23:25:31,Yann237,Yann2373,315,4988,"logpom, Douala","RT @takeactionD: Disney was created in 1923

Samsung was created in 1938

Nike was created in 1964

Apple was created in 1976

Netflix wasâ€¦",0,94
874,2021-12-04 23:25:29,your favoriteâ€™s favorite,yasiinbeeeey,2318,586,"New York.. NEW YAAWK to LA, LA",RT @Undrleakovr: Louis Vuitton x Nike Air Force 1 (2022) https://t.co/YlTDRezcFb,0,23
876,2021-12-04 23:25:13,áŠ£á‰¤áˆ,Dorchesterbilli,269,833,"Boston, MA",@nike really played themselves dropping Kanye,0,0
880,2021-12-04 23:24:55,GloğŸš¦,glosilks,1467,894,"Crown Heights, Brooklyn",the fact i lost my left pair to both my nike shoes,0,0
881,2021-12-04 23:24:53,Kaya ğŸ‘ŸğŸ§‹,Kaya_Alexander5,1509,1083,"Chicago, IL",@ImSpense @maniere_usa @Jumpman23 @nikestore @Nike @SneakerAdmirals Imma let the shoes do the talking. Iâ€™m not the kind of person to impose my own opinions. ğŸ¤,2,0
884,2021-12-04 23:24:42,Evellyn ğŸŒ´,evelyncousiin,315,545,"Rio de Janeiro, Brasil",RT @bestoffnike: Nike Air Max 90 x Pirate Radio https://t.co/jHlMK48C5o,0,235
892,2021-12-04 23:24:14,Luvuyo,svabayi,3115,896,"Durban, South Africa",RT @StreetFashion01: Louis Vuitton x Nike SS22 Briefcase!ğŸ–¤ https://t.co/iCVZhoUbBz,0,78
893,2021-12-04 23:24:13,RICHARDâ¤ï¸,vulgoorichard,354,360,"Bangu, Rio de Janeiro",RT @bestoffnike: Nike Air Max 90 x Pirate Radio https://t.co/jHlMK48C5o,0,235
899,2021-12-04 23:24:04,Traci G,turtlepace5,2617,4848,"Pleasant Prairie, WI",@Ea2one @kicksrlif @nikestore @Nike @SneakerAdmirals Youâ€™ll have to show an on foot. ğŸ‘€,0,0
901,2021-12-04 23:23:52,RJ2663,RaymondBalais,138,683,"Los Angeles, CA",Check out this listing I just added to my #Poshmark closet: Supreme Nike Air Force One. https://t.co/54BhTK2YGu #shopmycloset @poshmarkapp,0,0
903,2021-12-04 23:23:48,Traci G,turtlepace5,2617,4848,"Pleasant Prairie, WI",@jadendaly @kicksrlif @nikestore @Nike @SneakerAdmirals You know me Boo ğŸ¤—,1,0
904,2021-12-04 23:23:46,mimiâ¤ï¸ğŸ©¹,Miavalentina78,73,68,"CÃ³rdoba, Argentina",RT @mierez_julio: q ganas de tener 40 pares de nike y no saber cual ponerme,0,15
906,2021-12-04 23:23:39,Traci G,turtlepace5,2617,4848,"Pleasant Prairie, WI",@TexazMane @kicksrlif @nikestore @Nike @SneakerAdmirals https://t.co/dE2VBTPwD0,1,0
907,2021-12-04 23:23:38,Dave Parrott,daveprrtt,52,431,"Colona, IL USA",RT @TheEmuEmi: A huge word of warning to all content creators to be careful. Thereâ€™s a not only very fake but very HARMFUL Nike sponsorshipâ€¦,0,170
908,2021-12-04 23:23:36,Connor Love,ConnorLoveCA,244,367,"Stanford, CA",@ZPrice1 @WestPoint_USMA @Nike They call me the Babe Ruth of our generation,0,0
915,2021-12-04 23:23:23,Traci G,turtlepace5,2617,4848,"Pleasant Prairie, WI",@Thekaevans @kicksrlif @nikestore @Nike @SneakerAdmirals Theyâ€™re new ğŸ˜ğŸ˜,0,0
917,2021-12-04 23:23:16,Traci G,turtlepace5,2617,4848,"Pleasant Prairie, WI",@hoodrat_GIO @kicksrlif @nikestore @Nike @SneakerAdmirals Seriously though. ğŸ˜‚ https://t.co/2Cg2dnbZQ5,0,0
922,2021-12-04 23:22:56,Chinoz,ghoshinoo,537,439,"013, SP - Brasil  ",louco por mais duas camisetas da Nike ğŸ‘€,1,0
923,2021-12-04 23:22:51,O Claros,oclaros06,350,827,"Lima, Peru","RT @AlianzaLimaFF: ğŸ”¥âš½ Â¡ğ— ğ—”ğ—§ğ—–ğ—› ğ——ğ—”ğ—¬!

ğŸ†š @UCVFemenino 
ğŸŸ Campo TeÃ³filo Cubillas
ğŸ“† 05/12/2021
â° 8:00 AM
ğŸ† Copa Nike

ğŸ“±â–¶ï¸ Alianza Play 

ğŸ”µ Â¡#ARRIâ€¦",0,18
924,2021-12-04 23:22:39,Jerry cheddarÂ®ï¸,CDalink,83,82,"Scarsdale, NY","RT @MrUnloved1s: Ayo real quick, those fire red 3s will not come aged. Publications are just using those old pics of originals because theyâ€¦",0,14
925,2021-12-04 23:22:35,John Wick,gnzs56,878,216,"Buenos Aires, Argentina",No respeto a alguien que prefiere Nike sobre Adidas,0,0
931,2021-12-04 23:22:06,DeJğŸ¥µ,DeJMulaa,1651,2244,"Philadelphia, PA",RT @StreetFashion01: Louis Vuitton x Nike SS22 Briefcase!ğŸ–¤ https://t.co/iCVZhoUbBz,0,78
932,2021-12-04 23:22:06,JP â†—ï¸,jpop23,27,119,"Phoenix, AZ","RT @Pickswise: ğŸ„ 25 DAYS OF CHRISTMAS GIVEAWAY ğŸ„

We're rolling with @laurenjbara's SEC Championship pick. If Alabama covers +6.5, we'll giâ€¦",0,102
936,2021-12-04 23:21:53,espresso â˜•ï¸,espressoape,314,425,"New York, NY","RT @LightCultCrypto: Just announced! ğŸ’¡via @SneakerNews #ronenglish #lightcult #nft #kevindurant #nike #nftmint #lccc

https://t.co/D9I7sAvOâ€¦",0,16
939,2021-12-04 23:21:36,espresso â˜•ï¸,espressoape,314,425,"New York, NY",RT @bobbyhundreds: BAYC adidas and now Nike with @LightCultCrypto @ronenglishart https://t.co/02QfSKp8ob,0,12
940,2021-12-04 23:21:35,L.GustavoğŸŒğŸ¾â€â™‚ï¸,10Luissss,451,361,"Compton, CA",Nesse frio Europa e Nike no meu moletom,0,0
944,2021-12-04 23:21:24,E. to the J. to the M.,ejmills42,764,715,"New Jersey, USA","She ain't finna DM you bro ğŸ˜­ her words, ""my dms are like a Nike store. Nothing but checks"" https://t.co/o5ZgcBmMuu",0,0
945,2021-12-04 23:21:16,Malik Kermo,malikrotterdam,3,95,"Rotterdam, Nederland",@p_kicks23 @nikestore @Nike @Jumpman23 These are top of my wish listâ€¦ simply not getting them in Europeâ€¦,1,0
952,2021-12-04 23:20:42,Ole Bang Ottosen,ot2sen,2052,2962,"HillerÃ¸d, Denmark","@TheDorteOlsen Der gik faktisk 3 uger og de undrede sig over at det ikke lugtede af rÃ¸g, men var forvirrede ğŸ˜†
Jeg lod bare vÃ¦re uden at fortÃ¦lle dem. Intet pres, ingen forventninger. Nike - Just Do It ğŸ™‚
Du ved hvor meget Ã©t karton tobak fylder. Billedet er af 700 dages nikotin-alternativ https://t.co/vuwy2AjMMY",0,0
958,2021-12-04 23:20:25,WAZON MADE,NOWAY___JOSE,993,646,"Atlanta, GA","RT @TheSiteSupply: Early look at the upcoming Louis Vuitton x Nike Air Force 1 Low âœ¨

ğŸ“¸ matthewmwilliams (IG) https://t.co/s6ebhzGuEC",0,102
960,2021-12-04 23:20:25,ğ˜©ğ˜ªğ˜¨ğ˜©ğ˜¦ğ˜´ğ˜µ ğ˜±ğ˜³ğ˜ªğ˜¦ğ˜´ğ˜µğ˜¦ğ˜´ğ˜´,hime_nike,175,249,"Radom, Polska","Dobra, resztÄ™ dokoÅ„czÄ™ jutro bo mÃ³zg pi paruje #studia2021",0,0
968,2021-12-04 23:20:08,RJ2663,RaymondBalais,138,683,"Los Angeles, CA",Check out this listing I just added to my #Poshmark closet: Nike Air Max 97 Seoul Korea. https://t.co/lg4c2K3omB #shopmycloset @poshmarkapp,0,0
976,2021-12-04 23:19:49,Akata Mmper Pooley07ğŸ’¯ğŸ¤,JhayBobby,3164,2459,"Greater Accra, Ghana",RT @DaveOCKOP: Liverpool x Nike Huarache are now available online.,0,8
986,2021-12-04 23:19:11,Kenya Yvette Sesmas,KenySesmas,214,753,"California, USA",Get my art printed on awesome products. Support me at Redbubble #RBandME:  https://t.co/XJwoupbIic #findyourthing #redbubble #Nike #justdoit #Simpsons,0,0
988,2021-12-04 23:19:05,1XRUN.ETH,1xRUN,6132,695,"Detroit, MI. ","RT @SneakerNews: Anyone into NFTs? This Nike KD 14 by Ron English touches on the Light Cult Crypto Club an the growing Bulbhead community
hâ€¦",0,15
995,2021-12-04 23:18:35,Jamaal Al-Din,ucla_bruinchili,7,36,"Boise, ID",RT @ucla_bruinchili: https://t.co/QedVNwV4xA https://t.co/AhKTPQT9tV ASKING 227's YouTube Chili' UCLA Chili' Bruins Spicy' https://t.co/K8Jâ€¦,0,1
997,2021-12-04 23:18:24,Sharon Greenwood (superfamily),G82082783Sharon,45,632,"New York, USA","RT @Pickswise: ğŸ„ 25 DAYS OF CHRISTMAS GIVEAWAY ğŸ„

We're rolling with @laurenjbara's SEC Championship pick. If Alabama covers +6.5, we'll giâ€¦",0,102
